{"cameraMode":{"drawMode":0,"name":"Shaded","section":"Shading Mode"},"sceneLighting":true,"audioPlay":false,"sceneViewState":{"showFog":true,"showMaterialUpdate":false,"showSkybox":true,"showFlares":true,"showImageEffects":true,"showParticleSystems":true},"in2DMode":false,"pivot":{"x":-7.374952793121338,"y":-2.1122090816497804,"z":12.66258430480957},"rotation":{"x":0.20869629085063935,"y":-0.2919875979423523,"z":0.0654473826289177,"w":0.931077778339386},"size":28.956146240234376,"orthographic":false}