{"cameraMode":{"drawMode":0,"name":"Shaded","section":"Shading Mode"},"sceneLighting":true,"audioPlay":false,"sceneViewState":{"showFog":true,"showMaterialUpdate":false,"showSkybox":true,"showFlares":true,"showImageEffects":true,"showParticleSystems":true},"in2DMode":false,"pivot":{"x":355.686767578125,"y":156.31610107421876,"z":-47.0831298828125},"rotation":{"x":-0.004188260063529015,"y":0.02998996712267399,"z":0.00012557268200907856,"w":0.9995435476303101},"size":282.8823547363281,"orthographic":false}