{"cameraMode":{"drawMode":0,"name":"Shaded","section":"Shading Mode"},"sceneLighting":true,"audioPlay":false,"sceneViewState":{"showFog":true,"showMaterialUpdate":false,"showSkybox":true,"showFlares":true,"showImageEffects":true,"showParticleSystems":true},"in2DMode":false,"pivot":{"x":-12.496621131896973,"y":-3.6464648246765138,"z":321.28558349609377},"rotation":{"x":0.1489471197128296,"y":-0.1594339907169342,"z":0.024341396987438203,"w":0.9756039977073669},"size":47.80339050292969,"orthographic":false}