{"cameraMode":{"drawMode":0,"name":"Shaded","section":"Shading Mode"},"sceneLighting":false,"audioPlay":false,"sceneViewState":{"showFog":true,"showMaterialUpdate":false,"showSkybox":false,"showFlares":true,"showImageEffects":true,"showParticleSystems":true},"in2DMode":false,"pivot":{"x":-0.028920650482177736,"y":0.3491615056991577,"z":0.0},"rotation":{"x":0.24147725105285645,"y":-0.6623321771621704,"z":0.23959679901599885,"w":0.667531430721283},"size":8.750495910644532,"orthographic":false}