{"cameraMode":{"drawMode":0,"name":"Shaded","section":"Shading Mode"},"sceneLighting":false,"audioPlay":false,"sceneViewState":{"showFog":true,"showMaterialUpdate":false,"showSkybox":false,"showFlares":true,"showImageEffects":true,"showParticleSystems":true},"in2DMode":false,"pivot":{"x":0.47152504324913027,"y":0.14369569718837739,"z":2.060997486114502},"rotation":{"x":0.13664193451404572,"y":0.02081272564828396,"z":-0.0028712477069348099,"w":0.9903976917266846},"size":5.423061370849609,"orthographic":false}